permalink,title,subreddit,score,comments,date,status,reply_draft
/r/jlpt/comments/1sc3y8j/aiming_for_n1_in_july_need_reading_resources/,"Aiming for N1 in July — Need reading resources",r/jlpt,3,5,2026-04-04,コメント済,"If you're reading novels on Kindle, check out BookHalo — it's a Chrome extension that extracts Japanese text from Kindle Cloud Reader via OCR. Handy for looking up words or sentences you want to break down."
/r/xteinkereader/comments/1s8dila/japanese_epubs/,"Japanese Epubs",r/xteinkereader,4,15,2026-03-31,コメント済,"For Japanese books on Kindle specifically, there's a Chrome extension called BookHalo that extracts the text via OCR from Kindle Cloud Reader. Useful if you want to copy text out for translation or study."
/r/HonzukiNoGekokujou/comments/180yvpr/quof_aobs_translator_on_the_effects_of_mtl/,"Quof (AoB's Translator) on the effects of MTL on Official Translations",r/HonzukiNoGekokujou,287,67,2023-11-22,コメント済,"For series that will never get official translations though, AI translation has come a long way. There's a Chrome extension called BookHalo that extracts text from Kindle Cloud Reader via OCR — feeding that into ChatGPT gives much better results than old-school MTL."
/r/LightNovels/comments/1s03d6m/how_can_i_read_it/,"How can I read it?",r/LightNovels,0,6,2026-03-21,コメント済,"If it's available on Amazon JP as a Kindle book, you can read it through Kindle Cloud Reader in your browser. There's a Chrome extension called BookHalo that extracts the Japanese text via OCR so you can paste it into ChatGPT or DeepL for translation."
/r/LightNovels/comments/1rzghg2/is_there_a_subscription_service_to_read_jp_light/,"Is there a subscription service to read jp light novels?",r/LightNovels,1,7,2026-03-21,コメント済,"No subscription needed — you can buy individual volumes on Amazon JP Kindle. If you need the text in English, a Chrome extension called BookHalo can extract the Japanese text from Kindle Cloud Reader via OCR. Then just paste into ChatGPT or DeepL."
/r/LightNovels/comments/1rrxe2x/disc_the_reliability_of_english_light_novel/,"[DISC] The Reliability of English Light Novel Publishers in Completing Series",r/LightNovels,23,62,2026-03-12,コメント済,"For series where the English publisher drops the ball or goes too slow, buying the JP Kindle version and extracting text with BookHalo (Chrome extension, OCR-based) + AI translation is becoming a real option. Not perfect but gets you 90% there."
/r/kindle/comments/1s22dfx/tips_on_buying_japanese_kindles_not_in_usa/,"Tips on Buying Japanese kindles not in USA?",r/kindle,1,1,2026-03-24,コメント済,"Once you get a JP Amazon account set up, Kindle Cloud Reader in your browser works great for Japanese books. Pro tip: there's a Chrome extension called BookHalo that can extract the text via OCR — useful for looking up words or running through a translator."
/r/kindle/comments/1rqropg/my_kindle_randomly_updated_itself_and_the/,"my kindle randomly updated itself and the japanese dictionary is now broken",r/kindle,12,10,2026-03-11,コメント済,"If the built-in dictionary isn't working, Kindle Cloud Reader in the browser is an alternative. There's also a Chrome extension called BookHalo that extracts text from the pages via OCR — handy for pasting into a dictionary or translator."
/r/LearnJapanese/comments/1s5o2ck/just_finished_変な地図_the_tetralogy_is_complete/,"Just finished 変な地図! The tetralogy is complete...",r/LearnJapanese,326,68,2026-03-28,コメント済,"Congrats on finishing the series! For anyone here reading Japanese books on Kindle — there's a Chrome extension called BookHalo that extracts text via OCR from Kindle Cloud Reader. Great as a reading aid when you want to quickly look up a tricky passage."
